"","HW1","HW2","HW3","HW4","HW5","HW6","HW7","HW8","HW9","ATT","QZ1","QZ2","QZ3","QZ4","EX1","EX2","Test1","Test2","Homework","Quiz","Lab","Overall","Grade"
"1",100,100,100,100,100,100,100,100,100,12,100,100,100,100,80,90,100,100,100,100,100,100,"A+"
"2",85,95,100,95,95,95,100,100,100,12,91.6666666666667,88.8888888888889,90,95,57.6,74.7,72,83,97.5,91.2962962962963,100,88.0944444444444,"A-"
"3",87.5,100,85,70,100,98,0,80,0,7,83.3333333333333,55.5555555555556,50,0,56.8,54.9,71,61,66.625,35.1851851851852,20,56.7152777777778,"D"
"4",92.5,100,100,100,96.25,99,100,92.5,95,12,66.6666666666667,88.8888888888889,65,65,69.6,58.05,87,64.5,97.84375,72.962962962963,100,83.8225694444444,"B"
"5",32.5,0,65,60,0,46,0,0,0,5,41.6666666666667,50,0,0,40,16.2,50,18,21.375,16.6666666666667,0,23.4125,"F"
"6",75,85,92.5,95,100,91,0,0,90,9,91.6666666666667,94.4444444444444,0,75,73.6,71.1,92,79,69.1875,56.4814814814815,60,73.3784722222222,"C"
"7",90,100,97.5,95,80,80,52,90,90,12,91.6666666666667,50,75,90,78.4,68.85,98,76.5,85.5625,71.6666666666667,100,85.14375,"B"
"8",92.5,95,100,90,100,72,95,74.5,100,12,83.3333333333333,44.4444444444444,60,65,52,63.9,65,71,90.8125,56.4814814814815,100,76.4659722222222,"C"
"9",82.5,85,92.5,70,100,0,84,90,95,12,91.6666666666667,100,70,95,80,73.8,100,82,77.0625,88.3333333333333,100,86.86875,"B+"
"10",75,95,95,95,95,96,0,100,98,12,58.3333333333333,55.5555555555556,65,80,63.2,70.65,79,78.5,84.25,66.8518518518518,100,80.7277777777778,"B-"
"11",0,77.5,0,15,0,70,80,80,57.5,11,66.6666666666667,27.7777777777778,35,15,21.6,50.4,27,56,47.5,25.9259259259259,100,47.5388888888889,"F"
"12",95,100,100,100,100,90,100,100,70,12,100,100,80,100,77.6,87.3,97,97,95,93.3333333333333,100,96.15,"A+"
"13",82.5,0,82.5,80,100,0,0,0,70,12,75,38.8888888888889,45,60,42.4,41.4,53,46,41.5625,47.962962962963,100,51.7631944444444,"D"
"14",80,92.5,87.5,100,100,69,51.5,80,75,12,100,83.3333333333333,67.5,100,70.4,68.4,88,76,81.9375,83.6111111111111,100,83.7229166666667,"B"
"15",87.5,100,100,100,85,90,100,100,80,12,66.6666666666667,72.2222222222222,60,75,68,70.2,85,78,94.375,69.0740740740741,100,85.1736111111111,"B"
"16",50,0,67.5,50,0,78,41.5,82.5,80,11,33.3333333333333,55.5555555555556,70,85,40,36.9,50,41,49.9375,70.1851851851852,100,55.7590277777778,"D"
"17",47.5,70,77.5,30,85,55,78,92.5,80,11,66.6666666666667,16.6666666666667,0,30,47.2,20.7,59,23,71,15.5555555555556,100,51.1833333333333,"D"
"18",77.5,85,100,100,95,93,82,90,95,12,75,55.5555555555556,70,65,59.2,69.3,74,77,92.5,63.5185185185185,100,81.3277777777778,"B-"
"19",65,92.5,92.5,0,95,80,74,80,80,12,83.3333333333333,50,65,70,64,67.95,80,75.5,74.25,61.6666666666667,100,76.4,"C"
"20",52.5,75,85,90,86.25,99,70,100,0,8,66.6666666666667,77.7777777777778,25,50,61.6,62.1,77,69,75.65625,50.9259259259259,40,66.9857638888889,"C-"
"21",77.5,97.5,100,100,100,100,100,100,100,12,91.6666666666667,100,70,100,69.6,70.2,87,78,99.6875,90,100,90.30625,"A"
"22",95,77.5,95,100,100,87,100,90,100,12,100,94.4444444444444,70,95,64,77.4,80,86,93.6875,86.4814814814815,100,88.5784722222222,"A-"
"23",70,67.5,75,70,95,77,79,0,63.5,11,91.6666666666667,61.1111111111111,0,80,54.4,45,68,50,65.875,47.037037037037,100,62.9180555555556,"C-"
"24",77.5,70,87.5,90,80,81,87,90,85,11,66.6666666666667,0,0,70,35.2,31.5,44,35,83.8125,23.3333333333333,100,56.19375,"D"
"25",72.5,72.5,85,80,90,93,100,100,100,12,91.6666666666667,88.8888888888889,70,95,64.8,81,81,90,90.0625,84.6296296296296,100,88.4131944444444,"A-"
"26",80,80,85,60,92.5,71,48,64,95,12,33.3333333333333,22.2222222222222,40,25,39.2,42.75,49,47.5,74.4375,29.0740740740741,100,58.3673611111111,"D"
"27",97,100,100,100,100,98,100,0,96,12,75,38.8888888888889,0,100,67.2,77.4,84,86,86.75,46.2962962962963,100,81.2694444444444,"B-"
"28",92.5,100,100,80,100,0,83,95,90,12,66.6666666666667,16.6666666666667,75,70,50.4,61.2,63,68,81,53.8888888888889,100,71.9833333333333,"C"
"29",87.5,55,87.5,52.5,70,98,90,90,80,12,83.3333333333333,66.6666666666667,30,80,57.6,62.1,72,69,77.875,58.8888888888889,100,73.8458333333333,"C"
"30",92.5,92.5,85,90,95,87,73,100,80,12,83.3333333333333,72.2222222222222,85,90,72,67.5,90,75,87.8125,82.4074074074074,100,85.4548611111111,"B"
"31",52.5,97.5,100,90,95,95,100,85,70,12,91.6666666666667,55.5555555555556,65,75,64.8,70.65,81,78.5,91.5625,65.1851851851852,100,83.0715277777778,"B"
"32",86.5,94,95,100,95,90,77,60,98,10,66.6666666666667,61.1111111111111,65,85,63.2,64.35,79,71.5,88.625,70.3703703703704,80,78.8180555555556,"C+"
"33",88.5,85,100,100,100,99,100,100,94,12,100,88.8888888888889,90,100,79.2,67.05,99,74.5,97.25,92.962962962963,100,91.5444444444444,"A"
"34",95,98,100,80,100,90,52,70,100,12,83.3333333333333,44.4444444444444,75,80,62.4,48.15,78,53.5,86.25,66.4814814814815,100,74.8222222222222,"C"
"35",85,77.5,92.5,55,65,64,26,62.5,85,12,33.3333333333333,50,30,60,29.6,24.75,37,27.5,65.9375,46.6666666666667,100,51.05625,"D"
"36",87.5,100,100,70,95,100,78,90,80,12,66.6666666666667,44.4444444444444,40,90,62.4,35.1,78,39,89.125,58.1481481481482,100,70.8097222222222,"C"
"37",76,72.5,50,0,61.25,71,51,50,80,12,58.3333333333333,55.5555555555556,50,20,44.8,63.45,56,70.5,54.46875,41.8518518518519,100,61.4434027777778,"C-"
"38",81,97.5,100,75,95,87,82,90,95,12,100,100,75,55,67.2,75.6,84,84,90.1875,76.6666666666667,100,86.35625,"B+"
"39",92.5,100,92.5,90,100,95,85,90,80,12,87.5,66.6666666666667,65,100,66.4,63,83,70,91.5625,77.2222222222222,100,83.1520833333333,"B"
"40",87.5,100,92.5,90,95,91,90,95,100,11,83.3333333333333,66.6666666666667,82.5,85,72,81,90,90,94.1875,78.0555555555556,100,90.4645833333333,"A"
"41",93.5,95,97.5,100,100,76,95,90,80,12,100,77.7777777777778,75,65,76.8,75.15,96,83.5,91.6875,72.5925925925926,100,88.4701388888889,"A-"
"42",75,82.5,100,100,90,88,84,87.5,100,12,91.6666666666667,88.8888888888889,70,90,76.8,76.5,96,85,91.5,82.962962962963,100,90.3444444444444,"A"
"43",87.5,62.5,80,70,100,96,92,100,70,12,58.3333333333333,66.6666666666667,60,75,58.4,54.9,73,61,83.8125,67.2222222222222,100,75.0770833333333,"C"
"44",90,90,72.5,90,100,97,100,95,100,12,83.3333333333333,61.1111111111111,65,65,55.2,41.4,69,46,93.0625,63.7037037037037,100,72.7743055555556,"C"
"45",70,90,90,80,69.5,54,82,0,100,9,50,38.8888888888889,40,40,37.6,43.2,47,48,70.6875,39.6296296296296,60,54.5506944444444,"D"
"46",95,85,90,50,56,86,92,75,55,12,87.5,77.7777777777778,45,75,42.4,27,53,30,73.625,65.9259259259259,100,60.0763888888889,"C-"
"47",82.5,100,97.5,90,91.25,99,97,100,100,12,91.6666666666667,88.8888888888889,90,100,67.2,73.8,84,82,96.84375,92.962962962963,100,90.2975694444444,"A"
"48",95,100,100,90,95,99,97,80,100,12,100,94.4444444444444,90,95,70.4,83.25,88,92.5,95.125,93.1481481481482,100,93.2347222222222,"A"
"49",100,100,97.5,100,100,95,100,100,60,12,95.8333333333333,61.1111111111111,75,70,55.2,69.3,69,77,94.0625,68.7037037037037,100,81.5743055555556,"B-"
"50",67.5,100,100,90,95,90,100,90,100,12,100,77.7777777777778,70,100,71.2,83.7,89,93,95.625,82.5925925925926,100,92.1263888888889,"A"
"51",92.5,85,92.5,100,100,93,91,90,75,12,95.8333333333333,83.3333333333333,75,70,66.4,80.1,83,89,90.8125,76.1111111111111,100,87.5104166666667,"B+"
"52",80,85,92.5,0,95,66,80.5,67.5,100,12,66.6666666666667,88.8888888888889,85,80,49.6,62.55,62,69.5,73.3125,84.6296296296296,100,74.4631944444444,"C"
"53",0,77.5,100,80,100,90,80,0,65,12,87.5,94.4444444444444,75,85,34.4,69.3,43,77,74.0625,84.8148148148148,100,72.7909722222222,"C"
"54",92.5,95,85,100,100,99,89,100,100,12,91.6666666666667,100,75,100,67.2,70.2,84,78,96,91.6666666666667,100,88.85,"A-"
"55",90,95,100,100,100,99,100,80,85,12,100,100,75,100,71.2,76.5,89,85,94.875,91.6666666666667,100,91.2625,"A"
"56",87.5,77.5,97.5,90,97,96,90,80,80,12,95.8333333333333,0,55,80,56,60.75,70,67.5,88.5,45,100,74.175,"C"
"57",92.5,100,100,100,95,99,94,99,95,12,75,100,85,95,70.4,77.4,88,86,97.75,93.3333333333333,100,92.425,"A"
"58",95,98,92.5,70,95,98,100,100,98,12,100,77.7777777777778,50,90,68.8,70.2,86,78,93.9375,72.5925925925926,100,85.7701388888889,"B"
"59",82,100,91.5,100,100,90,100,70,96,12,50,77.7777777777778,60,95,55.2,63.9,69,71,93.4375,77.5925925925926,100,81.2201388888889,"B-"
"60",82.5,100,85,75,95,86,26,45,65,12,33.3333333333333,55.5555555555556,50,85,36.8,36,46,40,72.125,63.5185185185185,100,60.3652777777778,"C-"
"61",90,95,100,100,100,96,100,95,100,12,66.6666666666667,94.4444444444444,75,90,44.8,63,56,70,98.25,86.4814814814815,100,81.1472222222222,"B-"
"62",87.5,77.5,100,80,85,99,100,100,85,11,66.6666666666667,55.5555555555556,25,60,38.4,40.95,48,45.5,90.8125,46.8518518518518,100,65.2465277777778,"C-"
"63",74,100,85,90,90,96,86,90,98,12,91.6666666666667,77.7777777777778,75,90,60.8,76.05,76,84.5,91.875,80.9259259259259,100,86.0263888888889,"B+"
"64",80,60,95,80,85,91,68,80,67.5,12,41.6666666666667,61.1111111111111,55,80,36.8,45,46,50,78.3125,65.3703703703704,100,64.9993055555556,"C-"
"65",91.5,97,87.5,80,90,82,90,90,98,12,58.3333333333333,72.2222222222222,55,75,51.2,39.15,64,43.5,89.3125,67.4074074074074,100,70.5798611111111,"C"
"66",80,95,90,80,97.5,94,73,90,85,12,58.3333333333333,66.6666666666667,57.5,100,64.8,64.35,81,71.5,88.0625,74.7222222222222,100,81.7020833333333,"B-"
"67",92.5,95,100,100,95,98,70,100,100,12,91.6666666666667,61.1111111111111,60,90,66.4,73.35,83,81.5,94.75,70.3703703703704,100,85.9555555555555,"B"
"68",92.5,100,100,90,100,93,89,80,60,12,83.3333333333333,77.7777777777778,55,80,65.6,63.9,82,71,89,70.9259259259259,100,81.4888888888889,"B-"
"69",80,77.5,70,65,100,97,100,75,85,12,58.3333333333333,55.5555555555556,25,40,56.8,34.2,71,38,83.6875,40.1851851851852,100,64.8340277777778,"C-"
"70",80,0,92.5,90,90,79,0,70,51.5,12,91.6666666666667,88.8888888888889,0,100,75.2,68.85,94,76.5,59.125,62.962962962963,100,75.1069444444445,"C"
"71",0,10,47.5,0,90,0,56,40,75,7,54.1666666666667,27.7777777777778,30,80,43.2,31.5,54,35,39.8125,45.9259259259259,20,40.3826388888889,"F"
"72",85,85,92.5,60,95,98,100,80,100,12,91.6666666666667,50,75,95,47.2,57.6,59,64,88.8125,73.3333333333333,100,75.44375,"C"
"73",70,89,70,80,85,96,0,90,0,11,75,44.4444444444444,65,0,64,54.9,80,61,63.75,36.4814814814815,100,65.8472222222222,"C-"
"74",85,97.5,100,85,75,97,97,95,85,12,25,44.4444444444444,35,65,48.8,36.45,61,40.5,91.4375,48.1481481481482,100,66.9784722222222,"C-"
"75",94.5,100,85,100,100,98,90,100,96,12,75,61.1111111111111,80,80,78.4,72,98,80,96.125,73.7037037037037,100,89.4930555555556,"A-"
"76",62.5,65,32.5,27.5,0,79,79,75,94,12,91.6666666666667,33.3333333333333,25,55,44,54.9,55,61,56.5,37.7777777777778,100,58.8666666666667,"D"
"77",85,70,85,95,100,88,88,100,85,12,75,100,90,100,47.2,65.7,59,73,88.875,96.6666666666667,100,81.2125,"B-"
"78",92.5,100,100,100,100,100,100,95,100,12,91.6666666666667,88.8888888888889,80,80,59.2,71.1,74,79,99.375,82.962962962963,100,86.8069444444444,"B+"
"79",92.5,100,100,100,95,90,100,95,85,12,100,88.8888888888889,80,80,76,74.25,95,82.5,95.625,82.962962962963,100,90.7569444444444,"A"
"80",80,75,90,90,100,93,98,90,85,12,91.6666666666667,88.8888888888889,75,100,69.6,76.5,87,85,90.125,87.962962962963,100,88.8819444444444,"A-"
"81",92.5,82.5,87.5,90,100,82,82,0,85,9,50,44.4444444444444,0,25,45.6,52.2,57,58,76.125,23.1481481481481,60,58.2097222222222,"D"
"82",76,80,100,95,90,93,89,87.5,80,12,100,66.6666666666667,70,85,55.2,66.6,69,74,89.3125,73.8888888888889,100,80.1770833333333,"B-"
"83",82.5,85,92.5,95,90,100,100,100,80,12,66.6666666666667,55.5555555555556,85,0,62.4,47.25,78,52.5,92.8125,46.8518518518518,100,73.5965277777778,"C"
"84",77.5,62.5,97.5,80,0,83,100,75,70,11,66.6666666666667,44.4444444444444,70,80,67.2,69.3,84,77,71,64.8148148148148,100,77.0722222222222,"C"
"85",77.5,100,100,100,100,99,92,100,98,12,91.6666666666667,100,90,100,76,85.5,95,95,98.625,96.6666666666667,100,96.8375,"A+"
"86",87.5,85,92.5,80,100,99,0,100,75,12,100,100,60,100,75.2,70.2,94,78,78.9375,86.6666666666667,100,84.98125,"B"
"87",67.5,95,82.5,95,60,79,89,100,85,12,83.3333333333333,83.3333333333333,67.5,95,76.8,81.9,96,91,85.6875,81.9444444444444,100,89.9479166666667,"A-"
"88",30,0,0,100,85,91,77,85,85,12,25,55.5555555555556,25,30,38.4,38.7,48,43,65.375,36.8518518518519,100,55.4902777777778,"D"
"89",92.5,100,100,0,100,100,0,100,100,12,91.6666666666667,100,100,100,64,78.3,80,87,75,100,100,85.25,"B"
"90",82.5,0,95,100,95,99,100,100,100,9,75,72.2222222222222,80,95,70.4,75.6,88,84,86.125,82.4074074074074,60,82.7986111111111,"B"
"91",77.5,97.5,100,70,0,96,100,80,75,12,66.6666666666667,11.1111111111111,45,75,48.8,49.5,61,55,77.3125,43.7037037037037,100,65.6993055555556,"C-"
"92",80,75,0,67.5,77.5,87,100,82.5,90,11,83.3333333333333,83.3333333333333,90,90,57.6,72.9,72,81,72.4375,87.7777777777778,100,79.5479166666667,"B-"
"93",0,85,80,75,100,78,0,90,0,12,91.6666666666667,38.8888888888889,75,0,58.4,37.35,73,41.5,63.5,37.962962962963,100,59.7194444444444,"D"
"94",87.5,85,92.5,85,95,91,92,90,90,12,91.6666666666667,50,0,85,64,65.7,80,73,90.0625,45,100,78.01875,"C+"
"95",73.5,0,92.5,90,80,0,100,100,75,12,83.3333333333333,72.2222222222222,65,95,70.4,65.7,88,73,67.1875,77.4074074074074,100,77.6173611111111,"C+"
"96",79,95,92.5,65,72.5,91,100,0,76,11,33.3333333333333,77.7777777777778,95,95,59.2,75.6,74,84,74,89.2592592592593,100,81.3888888888889,"B-"
"97",0,0,0,42.5,0,0,0,0,0,10,58.3333333333333,0,0,0,42.4,35.55,53,39.5,5.3125,0,80,30.06875,"F"
"98",100,97.5,100,90,100,99,100,100,100,12,100,77.7777777777778,90,95,69.6,84.6,87,94,98.3125,87.5925925925926,100,93.5326388888889,"A"
"99",92.5,95,100,0,100,93,90,85,100,12,83.3333333333333,100,70,80,65.6,80.55,82,89.5,82.875,83.3333333333333,100,86.1375,"B+"
"100",96,97.5,100,0,100,89,97,100,99,12,100,66.6666666666667,80,95,73.6,78.3,92,87,85.3125,80.5555555555556,100,87.8270833333333,"B+"
"101",45,77.5,67.5,70,90,71,89,90,85,12,33.3333333333333,72.2222222222222,47.5,70,57.6,63.9,72,71,80,63.2407407407407,100,75.6361111111111,"C"
"102",0,85,85,67.5,90,88,96,75,95,12,58.3333333333333,66.6666666666667,50,0,48.8,40.95,61,45.5,85.1875,38.8888888888889,100,64.9645833333333,"C-"
"103",85,92.5,100,100,95,90,100,97.5,100,12,100,77.7777777777778,75,60,62.4,61.2,78,68,96.875,70.9259259259259,100,82.3013888888889,"B"
"104",82.5,70,100,65,97,71,78,85,85,11,75,38.8888888888889,55,80,70.4,55.8,88,62,81.375,57.962962962963,100,76.2069444444444,"C"
"105",92.5,92.5,100,80,95,97,97,95,80,12,83.3333333333333,55.5555555555556,75,90,57.6,54.9,72,61,92.0625,73.5185185185185,100,78.2965277777778,"C+"
"106",55,85,100,100,60,100,80,90,90,12,91.6666666666667,77.7777777777778,85,100,71.2,76.5,89,85,88.125,87.5925925925926,100,88.6263888888889,"A-"
"107",92.5,77.5,92.5,100,100,96,89,97.5,99,12,83.3333333333333,72.2222222222222,80,100,58.4,71.55,73,79.5,93.9375,84.0740740740741,100,85.2673611111111,"B"
"108",62.5,97.5,82.5,67.5,90,98,100,80,100,12,75,72.2222222222222,57.5,75,55.2,50.4,69,56,89.4375,68.2407407407407,100,74.8673611111111,"C"
"109",100,100,92.5,100,100,0,94,85,0,10,41.6666666666667,83.3333333333333,70,0,71.2,75.6,89,84,71.4375,51.1111111111111,80,75.8979166666667,"C"
"110",87.5,92.5,100,90,87,96,94,95,70,12,95.8333333333333,83.3333333333333,70,15,64.8,42.3,81,47,90.5625,56.1111111111111,100,73.5354166666667,"C"
"111",92.5,100,100,100,100,99,100,100,97,12,100,100,100,100,64.8,88.2,81,98,99.5,100,100,95.55,"A+"
"112",95,96,100,100,100,97,30,95,98,12,91.6666666666667,44.4444444444444,80,95,44,63.9,55,71,89.5,73.1481481481482,100,76.5722222222222,"C"
"113",77.5,95,97.5,80,100,94,99,100,85,12,83.3333333333333,88.8888888888889,60,100,60.8,72.9,76,81,93.8125,82.962962962963,100,86.0381944444444,"B+"
"114",88.5,97,100,90,100,99,97,100,85,12,66.6666666666667,88.8888888888889,95,65,57.6,72.9,72,81,96,82.962962962963,100,85.8944444444444,"B"
"115",72.5,62.5,100,99,100,0,0,100,99,10,91.6666666666667,83.3333333333333,0,85,62.4,78.75,78,87.5,70.0625,56.1111111111111,80,74.9104166666667,"C"
"116",87,100,92.5,80,100,89,50,80,98,12,83.3333333333333,0,60,85,66.4,82.8,83,92,86.1875,48.3333333333333,100,82.70625,"B"
"117",75,100,100,90,100,95,97,95,85,12,91.6666666666667,66.6666666666667,65,95,62.4,60.3,78,67,95.25,75.5555555555556,100,82.2583333333333,"B"
"118",92.5,85,85,0,95,99,81,90,75,12,91.6666666666667,94.4444444444444,45,90,52.8,75.15,66,83.5,76.25,76.4814814814815,100,78.4222222222222,"C+"
"119",84,100,87.5,70,100,97,100,90,100,12,83.3333333333333,61.1111111111111,95,80,42.4,55.35,53,61.5,93.0625,78.7037037037037,100,75.6993055555556,"C"
"120",77.5,95,95,95,90,89,99,90,85,12,100,77.7777777777778,90,100,71.2,87.3,89,97,92.25,89.2592592592593,100,93.1138888888889,"A"
"121",62.5,90,52.4,90,54,75,25,0,60,11,50,11.1111111111111,0,5,21.6,23.4,27,26,55.8,5.37037037037037,100,39.4455555555556,"F"
"122",80,85,85,90,72,95,92,100,60,12,79.1666666666667,72.2222222222222,55,90,65.6,65.7,82,73,84.875,72.4074074074074,100,80.9736111111111,"B-"
"123",0,62.5,10,55,66,0,0,60,30,7,75,0,15,40,32.8,29.25,41,32.5,35.4375,18.3333333333333,20,31.70625,"F"
"124",87.5,85,100,100,95,90,100,90,80,12,100,83.3333333333333,65,95,49.6,62.1,62,69,92.5,81.1111111111111,100,79.5666666666667,"B-"
"125",77.5,95,75,100,100,90,97.5,95,100,12,100,88.8888888888889,95,85,56,73.8,70,82,94.0625,89.6296296296296,100,86.1631944444444,"B+"
"126",92.5,100,100,100,100,93,88,100,80,12,66.6666666666667,27.7777777777778,75,90,64.8,69.75,81,77.5,95.125,64.2592592592593,100,83.7513888888889,"B"
"127",88.5,100,100,100,100,99,100,100,100,12,100,100,85,90,68,77.4,85,86,99.875,91.6666666666667,100,92.2125,"A"
"128",50,100,97.5,75,76.25,94,77,93.5,75,12,91.6666666666667,100,90,100,70.4,76.5,88,85,86.03125,96.6666666666667,100,89.159375,"A-"
"129",80,100,77.5,77.5,95,90,95,80,0,9,66.6666666666667,77.7777777777778,67.5,0,76,58.95,95,65.5,76.875,48.4259259259259,60,71.7013888888889,"C"
"130",77.5,90,100,100,90,95,97,100,100,12,75,77.7777777777778,80,90,64.8,59.85,81,66.5,96.5,82.5925925925926,100,84.1638888888889,"B"
"131",86,97.5,100,90,100,98,97,100,100,12,83.3333333333333,100,90,100,77.6,80.1,97,89,97.8125,96.6666666666667,100,95.49375,"A+"
"132",100,100,97.5,100,100,100,100,100,100,12,100,100,100,100,80,85.5,100,95,99.6875,100,100,98.65625,"A+"
"133",95,85,100,100,100,93,100,90,100,12,100,100,90,100,72,84.6,90,94,96,96.6666666666667,100,94.8,"A"
"134",100,99,100,90,100,99,100,95,99,12,100,88.8888888888889,95,95,72,78.3,90,87,97.75,92.962962962963,100,93.0194444444444,"A"
"135",60,100,92.5,100,100,94,100,80,100,12,75,50,45,65,62.4,75.6,78,84,95.8125,53.3333333333333,100,83.34375,"B"
"136",87.5,92.5,100,80,95,89,95,95,90,12,83.3333333333333,77.7777777777778,65,70,55.2,79.2,69,88,92.0625,70.9259259259259,100,84.0576388888889,"B"
"137",99,83,92.5,98,100,0,0,0,0,6,33.3333333333333,16.6666666666667,0,0,29.6,12.6,37,14,46.6875,5.55555555555555,0,25.7395833333333,"F"
"138",100,100,100,100,100,100,0,100,96,11,75,77.7777777777778,55,80,64.8,58.5,81,65,87,70.9259259259259,100,79.1888888888889,"C+"
"139",82.5,100,93.5,100,100,95,80,90,100,12,66.6666666666667,88.8888888888889,70,85,63.2,63.45,79,70.5,94.8125,81.2962962962963,100,84.0631944444444,"B"
"140",52.5,100,82.5,90,100,94,100,75,85,12,91.6666666666667,50,42.5,85,66.8,74.25,83.5,82.5,90.8125,59.1666666666667,100,83.44375,"B"
"141",60,70,85,75,0,0,0,0,0,3,66.6666666666667,77.7777777777778,0,95,67.2,65.7,84,73,28.75,57.5925925925926,0,52.3138888888889,"D"
"142",90,0,70,90,0,44,0,40,55,10,91.6666666666667,77.7777777777778,55,65,43.2,49.5,54,55,37.375,65.9259259259259,80,53.6513888888889,"D"
"143",87.5,100,100,100,100,100,100,100,80,12,100,100,65,100,80,84.6,100,94,97.5,88.3333333333333,100,96,"A+"
"144",92.5,100,100,70,100,100,92,100,80,12,91.6666666666667,94.4444444444444,85,85,60.8,50.85,76,56.5,92.75,88.1481481481482,100,80.3722222222222,"B-"
"145",87.5,60,100,100,95,92,79,95,100,12,58.3333333333333,66.6666666666667,70,95,60,76.5,75,85,90.125,77.2222222222222,100,84.8708333333333,"B"
"146",85,95,100,100,95,100,89,97.5,85,12,91.6666666666667,66.6666666666667,82.5,100,72,79.2,90,88,95.1875,83.0555555555556,100,91.0145833333333,"A"
"147",83.5,100,0,90,70,94,76,100,100,12,100,61.1111111111111,90,95,60,67.05,75,74.5,78.75,82.037037037037,100,79.5555555555556,"B-"
"148",85,100,92.5,100,95,100,90,65,100,12,66.6666666666667,100,75,85,66.4,79.2,83,88,92.8125,86.6666666666667,100,89.44375,"A-"
"149",92.5,100,92.5,70,100,82,86,60,100,12,66.6666666666667,66.6666666666667,40,45,69.6,63.9,87,71,86.3125,50.5555555555556,100,78.6270833333333,"C+"
"150",92.5,97.5,95,100,91.25,100,94,100,95,12,83.3333333333333,77.7777777777778,40,95,62.4,66.6,78,74,96.59375,70.9259259259259,100,83.7170138888889,"B"
"151",86,100,100,90,100,92.5,0,90,100,12,58.3333333333333,33.3333333333333,85,90,32.8,66.6,41,74,84.0625,69.4444444444444,100,72.3354166666667,"C"
"152",92.5,100,0,90,100,100,89,100,100,12,83.3333333333333,72.2222222222222,80,95,70.4,77.4,88,86,84.875,82.4074074074074,100,86.9236111111111,"B+"
"153",82.5,80,95,90,100,98,92,100,85,11,91.6666666666667,88.8888888888889,60,90,68,72.9,85,81,92.5,79.6296296296296,100,86.9444444444444,"B+"
"154",85,42.5,0,0,0,66,0,0,80,6,83.3333333333333,66.6666666666667,0,70,52,43.2,65,48,23.5625,45.5555555555556,0,38.9020833333333,"F"
"155",77.5,100,97.5,65,72,81,97,100,75,10,79.1666666666667,50,0,85,64.8,62.1,81,69,85.9375,45,80,73.98125,"C"
"156",70,80,90,100,90,0,90,90,85,12,91.6666666666667,0,75,90,36,46.8,45,52,78.125,55,100,63.6875,"C-"
"157",77.5,92.5,95,90,0,95,94,100,100,10,66.6666666666667,88.8888888888889,70,45,66.4,70.2,83,78,83.3125,67.962962962963,80,79.2881944444444,"C+"
"158",92.5,97.5,100,100,100,99,97,100,100,12,91.6666666666667,61.1111111111111,85,70,57.6,72.9,72,81,99.1875,72.037037037037,100,85.2118055555556,"B"
"159",89.5,100,97.5,80,96.25,96,51,85,100,12,100,66.6666666666667,75,85,69.6,74.7,87,83,88.21875,75.5555555555556,100,85.9489583333333,"B"
"160",89,100,55,98,100,83,100,0,97,9,75,61.1111111111111,0,100,70.4,69.3,88,77,79.125,53.7037037037037,60,74.6430555555556,"C"
"161",65,82.5,87.5,85,95,95,100,90,80,12,91.6666666666667,77.7777777777778,75,95,70.4,78.3,88,87,89.375,82.5925925925926,100,88.5513888888889,"A-"
"162",92.5,100,100,70,100,100,91,80,90,12,100,66.6666666666667,60,90,68.8,73.35,86,81.5,91.375,72.2222222222222,100,85.8208333333333,"B"
"163",92.5,97.5,100,0,100,99,94,90,100,12,91.6666666666667,88.8888888888889,80,95,71.2,79.2,89,88,85.0625,87.962962962963,100,88.5131944444444,"A-"
"164",92.5,82,92.5,75,100,99,76,90,89,12,100,83.3333333333333,80,40,67.2,78.3,84,87,87.9375,67.7777777777778,100,85.0979166666667,"B"
"165",70,78,95,0,90,97,100,80,100,11,75,27.7777777777778,50,55,64.8,63.9,81,71,80,44.2592592592593,100,74.5888888888889,"C"
"166",80,57.5,100,60,80,78,70,95,94,12,83.3333333333333,66.6666666666667,70,90,68.8,64.35,86,71.5,79.3125,75.5555555555556,100,80.2020833333333,"B-"
"167",92.5,100,92.5,95,100,97,97,100,85,12,58.3333333333333,50,52.5,60,68,63,85,70,95.8125,54.1666666666667,100,81.36875,"B-"
"168",82.5,100,100,100,100,98,71,100,91,12,91.6666666666667,83.3333333333333,80,95,69.6,80.1,87,89,95,86.1111111111111,100,91.0666666666667,"A"
"169",80,0,95,0,55,0,0,0,75,7,83.3333333333333,0,0,65,53.6,60.75,67,67.5,28.125,21.6666666666667,20,43.9625,"F"
"170",42.5,52.5,90,72.5,100,95,88,80,85,12,83.3333333333333,88.8888888888889,42.5,80,65.6,63,82,70,82.875,70.462962962963,100,79.3319444444444,"C+"
"171",80,92.5,100,90,100,94,85,90,85,11,91.6666666666667,88.8888888888889,75,100,66.4,57.15,83,63.5,92.0625,87.962962962963,100,83.2881944444445,"B"
"172",70,100,92.5,82.5,100,99,97,90,85,12,75,83.3333333333333,80,90,69.6,80.1,87,89,93.25,84.4444444444444,100,90.2916666666667,"A"
"173",90,100,100,100,95,99,100,100,100,12,91.6666666666667,100,80,90,70.4,74.7,88,83,99.25,90,100,91.625,"A"
"174",70,92.5,90,85,95,99,88,90,90,12,91.6666666666667,88.8888888888889,75,90,69.6,65.7,87,73,91.1875,84.6296296296296,100,85.7006944444445,"B"
"175",100,100,85,90,85,89,92,95,95,12,100,94.4444444444444,80,100,79.2,81.9,99,91,91.375,91.4814814814815,100,93.6847222222222,"A"
"176",100,100,92.5,80,100,98,100,80,100,10,100,0,90,0,70.4,82.8,88,92,93.8125,30,80,81.24375,"B-"
"177",40,0,82.5,0,70,0,52,0,98,12,58.3333333333333,61.1111111111111,0,75,46.4,36,58,40,37.8125,45.3703703703704,100,49.7493055555556,"F"
"178",92.5,100,92.5,90,100,96,85,90,85,12,83.3333333333333,88.8888888888889,80,75,60,70.65,75,78.5,92.3125,81.2962962962963,100,84.5131944444444,"B"
"179",92.5,85,100,85,95,100,92,90,75,12,91.6666666666667,61.1111111111111,80,100,71.2,74.7,89,83,90.25,80.3703703703704,100,87.6805555555556,"B+"
"180",87,100,100,100,100,93,91,80,98,10,83.3333333333333,88.8888888888889,50,85,48,54,60,60,95.25,74.6296296296296,80,74.7694444444444,"C"
"181",75,97.5,67.5,80,95,90,58,100,85,12,100,77.7777777777778,67.5,85,57.6,56.7,72,63,84.125,76.7592592592593,100,76.9013888888889,"C"
"182",100,100,92.5,90,95,95,100,100,80,12,83.3333333333333,100,80,100,72,80.1,90,89,94.0625,93.3333333333333,100,92.46875,"A"
"183",85,85,85,85,85,72,85,65,80,6,75,38.8888888888889,60,70,48.8,54.9,61,61,80.25,56.2962962962963,0,59.9694444444444,"D"
"184",92.5,70,90,75,100,100,84,100,75,12,100,88.8888888888889,85,95,69.6,66.6,87,74,86.75,89.6296296296296,100,85.3694444444444,"B"
"185",85,99,92.5,0,0,0,0,0,0,3,41.6666666666667,0,0,0,75.2,66.6,94,74,23.9375,0,0,44.48125,"F"
"186",80,100,100,0,90,0,100,70,0,10,83.3333333333333,0,30,70,64,55.35,80,61.5,57.5,33.3333333333333,80,61.625,"C-"
"187",65,100,55,90,100,86.5,100,85,85,9,83.3333333333333,88.8888888888889,52.5,90,68,60.3,85,67,87.6875,77.1296296296296,60,77.6256944444444,"C+"
"188",60,100,92.5,100,95,71,90,92.5,85,10,91.6666666666667,88.8888888888889,52.5,100,72,74.25,90,82.5,90.75,80.462962962963,80,85.9194444444444,"B"
"189",75,100,100,100,100,95,100,100,100,12,100,88.8888888888889,82.5,100,66.4,76.05,83,84.5,99.375,90.462962962963,100,91.1069444444445,"A"
"190",67.5,80,77.5,47.5,100,80,76,77.5,80,12,83.3333333333333,77.7777777777778,75,80,44,64.35,55,71.5,77.3125,77.5925925925926,100,73.7076388888889,"C"
"191",73.5,70,92.5,80,100,97,90,100,96,12,66.6666666666667,61.1111111111111,75,85,65.6,73.8,82,82,90.6875,73.7037037037037,100,85.1618055555556,"B"
"192",75,90,95,70,85,85,0,62.5,100,12,83.3333333333333,88.8888888888889,40,80,59.2,68.4,74,76,73.4375,69.6296296296296,100,76.2756944444444,"C"
"193",70,97.5,100,70,100,100,97,95,85,12,91.6666666666667,50,80,70,61.2,64.8,76.5,72,93.0625,66.6666666666667,100,81.21875,"B-"
"194",82.5,100,100,100,97,100,100,90,75,12,91.6666666666667,72.2222222222222,65,80,62.4,57.15,78,63.5,95.25,72.4074074074074,100,80.9111111111111,"B-"
"195",91.5,97.5,98,90,92,95,62,95,90,12,66.6666666666667,44.4444444444444,90,90,64,65.25,80,72.5,89.9375,74.8148148148148,100,82.3284722222222,"B"
"196",100,72.5,100,100,100,99,97,100,100,12,66.6666666666667,100,85,50,66.4,67.5,83,75,96.0625,78.3333333333333,100,85.91875,"B"
"197",95,100,100,100,100,89,98,85,100,12,91.6666666666667,66.6666666666667,60,80,52.8,63.9,66,71,96.5,68.8888888888889,100,80.2333333333333,"B-"
"198",62.5,0,0,0,65,76,71,90,97.5,9,0,44.4444444444444,55,100,68,34.2,85,38,49.9375,66.4814814814815,60,57.4534722222222,"D"
"199",52.5,55,85,67.5,90,78,92,80,80,12,50,72.2222222222222,0,85,52,54.45,65,60.5,78.4375,52.4074074074074,100,69.5173611111111,"C-"
"200",92.5,97.5,0,85,90,76,81,90,80,12,91.6666666666667,50,60,75,69.6,78.3,87,87,74.9375,61.6666666666667,100,80.88125,"B-"
"201",100,100,92.5,90,100,99,90,95,100,12,100,100,85,90,70.4,80.1,88,89,95.8125,91.6666666666667,100,92.34375,"A"
"202",82,100,87.5,90,100,96,100,80,95,11,75,72.2222222222222,55,75,55.2,57.6,69,64,93.5625,67.4074074074074,100,77.9798611111111,"C+"
"203",72.5,95,100,80,100,76,100,90,70,12,91.6666666666667,100,100,100,68.8,81,86,90,88.875,100,100,91.3625,"A"
"204",82.5,85,95,90,100,95,87,85,85,12,91.6666666666667,88.8888888888889,70,100,59.2,71.1,74,79,90.25,86.2962962962963,100,84.5694444444444,"B"
"205",89.5,100,100,70,100,0,97,100,98,10,75,72.2222222222222,70,75,56,56.7,70,63,83.125,72.4074074074074,80,73.5486111111111,"C"
"206",95,75,100,100,100,99,85,85,100,12,50,55.5555555555556,50,95,60.8,51.3,76,57,93,66.8518518518518,100,77.3777777777778,"C"
"207",92.5,100,100,100,100,100,100,100,100,12,66.6666666666667,61.1111111111111,80,90,66.4,66.6,83,74,100,77.037037037037,100,86.6555555555556,"B+"
"208",92.5,0,92.5,95,100,95,0,0,80,9,83.3333333333333,0,35,60,55.2,41.4,69,46,57.8125,31.6666666666667,60,53.39375,"D"
"209",67,0,47.5,90,100,59,59,80,98,12,91.6666666666667,88.8888888888889,85,90,63.2,70.65,79,78.5,66.6875,87.962962962963,100,78.6256944444444,"C+"
"210",90,90,90,90,0,0,0,0,0,6,50,0,35,0,66.24,12.6,82.8,14,33.75,11.6666666666667,0,31.935,"F"
"211",90,80,80,60,71.25,95,95,100,90,12,66.6666666666667,77.7777777777778,65,75,63.2,61.65,79,68.5,83.90625,72.5925925925926,100,78.9857638888889,"C+"
"212",0,0,82.5,75,90,0,87,0,80,10,75,0,50,90,30.4,27,38,30,51.8125,46.6666666666667,80,45.64375,"F"
"213",77.5,100,92.5,65,90,78,97,95,80,12,70.8333333333333,55.5555555555556,85,90,40.8,65.7,51,73,87.1875,76.8518518518518,100,76.1340277777778,"C"
"214",90,77.5,100,90,100,83,100,100,100,12,50,50,80,35,54.4,58.05,68,64.5,93.8125,55,100,76.11875,"C"
"215",85,100,100,95,100,96,88,90,85,12,91.6666666666667,100,70,85,68,73.35,85,81.5,94.25,85,100,88.4,"A-"
"216",100,100,100,90,94,98,97,85,91,12,83.3333333333333,77.7777777777778,55,80,70.4,65.7,88,73,94.375,70.9259259259259,100,84.8013888888889,"B"
"217",75,85,92.5,55,51,68,76,80,80,12,66.6666666666667,50,50,85,68.8,63,86,70,73.4375,61.6666666666667,100,75.98125,"C"
"218",88.5,0,0,100,85,99,90,85,79,12,91.6666666666667,88.8888888888889,65,95,68.8,69.3,86,77,67.25,82.962962962963,100,79.0694444444444,"C+"
"219",77.5,100,92.5,90,95,97,100,90,0,11,100,66.6666666666667,85,95,61.6,81.9,77,91,83.0625,82.2222222222222,100,85.4020833333333,"B"
"220",72.5,100,100,95,100,83,88,60,85,12,91.6666666666667,72.2222222222222,75,90,71.2,74.7,89,83,88.875,79.0740740740741,100,87.0736111111111,"B+"
"221",55,92.5,92.5,97.5,75,77,100,85,85,12,41.6666666666667,77.7777777777778,52.5,95,60.8,70.65,76,78.5,88.0625,75.0925925925926,100,82.5076388888889,"B"
"222",90,90,90,90,90,93,67,0,0,11,75,100,0,0,69.6,61.2,87,68,65,33.3333333333333,100,68.9,"C-"
"223",67.5,67.5,95,77.5,100,87.5,70,90,85,7,33.3333333333333,0,25,45,68.8,62.1,86,69,84.0625,23.3333333333333,20,65.16875,"C-"
"224",73.5,80,100,100,90,89,94,90,0,12,66.6666666666667,77.7777777777778,75,85,63.2,60.75,79,67.5,80.375,79.2592592592593,100,78.6763888888889,"C+"
"225",92.5,100,100,30,100,100,100,85,75,12,91.6666666666667,27.7777777777778,0,100,63.6,44.1,79.5,49,86.25,42.5925925925926,100,70.4138888888889,"C"
"226",65,50,72.5,90,80,0,0,62.5,0,8,83.3333333333333,72.2222222222222,50,0,65.6,63.45,82,70.5,44.375,40.7407407407407,40,57.4486111111111,"D"
"227",92.5,100,100,90,100,99,99,87.5,100,12,58.3333333333333,88.8888888888889,80,55,48.8,53.1,61,59,96.9375,74.6296296296296,100,77.2256944444444,"C"
"228",88.5,92.5,95,60,85,0,0,100,0,11,58.3333333333333,0,40,35,56.8,49.95,71,55.5,54.0625,25,100,58.04375,"D"
"229",72.5,100,77.5,45,89,90,90,75,65,12,54.1666666666667,55.5555555555556,75,65,57.6,54,72,60,78.9375,65.1851851851852,100,72.8590277777778,"C"
"230",87.5,100,82.5,90,100,90,100,80,85,12,58.3333333333333,72.2222222222222,30,55,61.6,24.3,77,27,90.9375,52.4074074074074,100,67.2923611111111,"C-"
"231",77.5,77.5,95,100,99,92,80,87.5,85,11,33.3333333333333,44.4444444444444,65,60,61.6,44.1,77,49,89.5,56.4814814814815,100,72.9722222222222,"C"
"232",73.5,72.5,60,0,80,0,0,60,0,11,66.6666666666667,55.5555555555556,40,0,68,49.5,85,55,34.0625,31.8518518518519,100,55.7465277777778,"D"
"233",100,85,92.5,100,90,99,0,100,100,12,66.6666666666667,100,100,85,61.2,80.1,76.5,89,83.3125,95,100,86.79375,"B+"
"234",94,100,100,100,100,98,100,100,100,12,100,83.3333333333333,70,85,71.2,77.85,89,86.5,99.75,79.4444444444444,100,91.2666666666667,"A"
"235",97.5,100,97.5,100,100,86,100,90,100,12,91.6666666666667,100,65,90,62.4,80.1,78,89,96.6875,85,100,89.60625,"A-"
"236",94.5,97,96,100,80,100,97,100,100,12,75,83.3333333333333,50,100,64,68.85,80,76.5,96.25,77.7777777777778,100,85.6666666666667,"B"
"237",92.5,100,100,98,100,98,86,100,98,12,100,83.3333333333333,50,80,66.4,72,83,80,97.5,71.1111111111111,100,86.5166666666667,"B+"
"238",100,100,100,65,95,94,100,95,100,12,100,55.5555555555556,80,90,70.4,80.1,88,89,93.625,75.1851851851852,100,89.2152777777778,"A-"
"239",100,85,100,100,100,99,97,80,95,12,100,100,95,100,80,84.6,100,94,94.5,98.3333333333333,100,96.6,"A+"
"240",92.5,100,97.5,80,95,100,90,100,70,12,100,100,85,100,79.2,88.2,99,98,91.5625,95,100,96.01875,"A+"
"241",95,85,100,70,0,99,95,95,100,12,91.6666666666667,72.2222222222222,50,90,77.6,86.4,97,96,80.5,70.7407407407407,100,88.1611111111111,"A-"
"242",92.5,100,95,100,100,90,100,85,97.5,12,25,33.3333333333333,20,65,31.2,20.7,39,23,95.9375,39.4444444444444,100,58.2479166666667,"D"
"243",92.5,100,97.5,100,100,99,92,100,85,12,91.6666666666667,88.8888888888889,95,95,63.2,68.85,79,76.5,96.6875,92.962962962963,100,87.8756944444444,"B+"
"244",87.5,87.5,100,60,95,72,70,80,0,12,83.3333333333333,61.1111111111111,60,0,62.4,62.1,78,69,70.5625,40.3703703703704,100,70.0743055555556,"C"
"245",80,0,77.5,20,0,37,67,50,85,10,33.3333333333333,16.6666666666667,30,40,50.4,58.5,63,65,42.0625,28.8888888888889,80,53.8020833333333,"D"
"246",82.5,95,90,77.5,100,95,84,85,100,12,83.3333333333333,88.8888888888889,80,75,46.4,61.2,58,68,90.8125,81.2962962962963,100,78.0381944444444,"C+"
"247",82.5,97.5,75,50,42.5,86,61,85,100,12,58.3333333333333,61.1111111111111,35,80,55.2,49.95,69,55.5,74.625,58.7037037037037,100,68.8680555555556,"C-"
"248",96,99,91.5,70,93,86,65,75,90,12,66.6666666666667,38.8888888888889,30,70,41.6,35.1,52,39,83.6875,46.2962962962963,100,62.2006944444444,"C-"
"249",75,85,100,100,100,99,90,90,80,11,91.6666666666667,83.3333333333333,95,95,70.4,82.8,88,92,93,91.1111111111111,100,92.1666666666667,"A"
"250",92.5,100,100,90,100,99,100,95,100,12,91.6666666666667,77.7777777777778,75,65,66.4,70.2,83,78,98,72.5925925925926,100,86.3888888888889,"B+"
"251",94.5,84,95,95,100,98,86,100,0,12,66.6666666666667,72.2222222222222,80,70,40.8,58.95,51,65.5,82.25,74.0740740740741,100,72.3611111111111,"C"
"252",72.5,77.5,0,75,85,0,0,0,65,10,0,27.7777777777778,35,35,19.2,18.45,24,20.5,37.8125,32.5925925925926,80,34.1576388888889,"F"
"253",100,79,85,95,85,91,79,75,92,12,91.6666666666667,44.4444444444444,90,90,64,63.9,80,71,85.125,74.8148148148148,100,80.5097222222222,"B-"
"254",92.5,100,100,90,98,99,97,100,95,12,66.6666666666667,66.6666666666667,55,75,25.6,54.9,32,61,97.375,65.5555555555556,100,70.6958333333333,"C"
"255",100,100,90,100,100,94,100,100,0,11,100,77.7777777777778,75,0,72,72.9,90,81,85.5,50.9259259259259,100,81.5388888888889,"B-"
"256",93,73,100,88,100,96,80,95,95,10,100,50,65,60,76,65.25,95,72.5,90.875,58.3333333333333,80,81.1375,"B-"
"257",100,85,97.5,100,95,0,89,90,90,11,79.1666666666667,94.4444444444444,50,85,49.6,66.6,62,74,80.8125,76.4814814814815,100,76.6159722222222,"C"
"258",92.5,100,100,70,100,100,100,100,85,12,75,88.8888888888889,95,0,67.2,72.45,84,80.5,94.375,61.2962962962963,100,84.4319444444444,"B"
"259",92.5,92.5,90,90,100,90,100,90,85,12,83.3333333333333,72.2222222222222,85,100,63.2,86.4,79,96,92.1875,85.7407407407407,100,90.3173611111111,"A"
"260",68,55.5,85,0,65,50,52,0,20,10,50,50,30,35,43.2,28.8,54,32,40.9375,38.3333333333333,80,44.83125,"F"
"261",92.5,92.5,100,90,100,100,100,0,80,12,95.8333333333333,100,0,100,70.4,78.3,88,87,82.8125,66.6666666666667,100,84.19375,"B"
"262",57.5,100,100,0,80,93,76,75,95,12,75,72.2222222222222,70,90,79.2,66.6,99,74,77.375,77.4074074074074,100,83.1236111111111,"B"
"263",89.5,57,95,90,0,98,0,75,100,9,75,77.7777777777778,45,55,37.6,71.1,47,79,64.375,59.2592592592593,60,63.3513888888889,"C-"
"264",89.5,79,97.5,100,90,99,100,100,99,12,100,88.8888888888889,75,90,68.8,85.95,86,95.5,95.5625,84.6296296296296,100,92.4381944444444,"A"
"265",75,100,92.5,100,100,99,100,90,100,12,83.3333333333333,88.8888888888889,95,100,77.6,77.4,97,86,97.6875,94.6296296296296,100,94.4006944444444,"A"
"266",87.5,92.5,90,80,90,80,89,90,55,12,75,77.7777777777778,80,100,52,71.1,65,79,83.3125,85.9259259259259,100,80.6326388888889,"B-"
"267",57.5,70,82.5,0,55,0,51,45,0,11,83.3333333333333,38.8888888888889,57.5,0,40,55.8,50,62,37.9375,32.1296296296296,100,51.7006944444444,"D"
"268",52.5,77.5,97.5,50,95,80,79,90,50,12,66.6666666666667,38.8888888888889,65,90,46.4,52.65,58,58.5,77.375,64.6296296296296,100,69.1319444444444,"C-"
"269",82.5,0,92.5,80,93,98,85,100,85,12,83.3333333333333,77.7777777777778,55,90,68.8,75.15,86,83.5,79.1875,74.2592592592593,100,82.9701388888889,"B"
"270",62.5,70,87.5,60,100,80,84,95,80,12,41.6666666666667,88.8888888888889,65,75,42.4,63.9,53,71,82.0625,76.2962962962963,100,74.4131944444444,"C"
"271",65,55,87.5,90,90,72,77,0,80,12,83.3333333333333,72.2222222222222,57.5,80,68,75.6,85,84,68.9375,69.9074074074074,100,79.1673611111111,"C+"
"272",85,90,90,20,95,85,97,75,80,12,58.3333333333333,27.7777777777778,50,30,59.52,57.6,74.4,64,79,35.9259259259259,100,69.9688888888889,"C-"
"273",100,100,100,100,100,75,100,95,65,12,95.8333333333333,72.2222222222222,45,85,50.4,68.4,63,76,91.875,67.4074074074074,100,79.2736111111111,"C+"
"274",87.5,100,92.5,100,100,100,90,100,100,12,83.3333333333333,88.8888888888889,75,85,69.6,81,87,90,97.8125,82.962962962963,100,91.6881944444444,"A"
"275",92.5,70,85,80,100,97,79,100,85,12,83.3333333333333,100,95,100,76.8,68.4,96,76,87,98.3333333333333,100,89.05,"A-"
"276",62.5,80,75,100,95,95,100,85,100,12,75,100,80,75,56.8,53.55,71,59.5,91.25,85,100,79.2,"C+"
"277",87,100,100,100,99,99,100,100,96,11,50,66.6666666666667,70,90,64,78.75,80,87.5,99.25,75.5555555555556,100,88.9833333333333,"A-"
"278",60,75,100,0,100,94,100,90,100,10,50,33.3333333333333,25,40,69.6,44.55,87,49.5,82.375,32.7777777777778,80,67.4041666666667,"C-"
"279",79,96.5,92.5,100,100,98,87,100,82,12,100,77.7777777777778,75,100,66.4,70.65,83,78.5,94.5,84.2592592592593,100,87.2138888888889,"B+"
"280",87.5,97.5,95,90,90,88,100,60,100,12,66.6666666666667,83.3333333333333,67.5,0,68.8,70.2,86,78,90.0625,50.2777777777778,100,81.2604166666667,"B-"
"281",60,82.5,92.5,80,0,73,85.5,100,85,11,75,50,57.5,65,76.8,74.7,96,83,74.8125,57.5,100,81.01875,"B-"
"282",90,100,100,100,95,99,100,95,100,12,100,100,80,90,64.8,72.9,81,81,98.625,90,100,89.5375,"A-"
"283",92.5,100,100,100,100,99,100,100,95,12,83.3333333333333,66.6666666666667,70,95,71.2,76.5,89,85,99.25,77.2222222222222,100,90.4083333333333,"A"
"284",87.5,100,65,70,0,76,80,100,98,9,50,33.3333333333333,55,95,53.6,70.2,67,78,73.625,61.1111111111111,60,70.1541666666667,"C"
"285",0,85,100,100,100,99,100,97.5,100,12,66.6666666666667,77.7777777777778,70,75,60,81,75,90,97.6875,74.2592592592593,100,87.9451388888889,"B+"
"286",70,70,55,65,72.5,58,47,60,80,12,91.6666666666667,55.5555555555556,75,100,65.6,58.05,82,64.5,63.4375,76.8518518518518,100,73.0840277777778,"C"
"287",82.5,77.5,100,90,95,93,84,100,85,12,100,77.7777777777778,85,45,59.2,70.2,74,78,90.5625,69.2592592592593,100,81.8576388888889,"B-"
"288",100,85,100,100,100,87,97,90,100,12,66.6666666666667,100,85,90,64,66.15,80,73.5,94.875,91.6666666666667,100,86.5875,"B+"
"289",82.5,100,92.5,80,100,99,100,80,100,12,100,100,90,100,71.2,89.1,89,99,93.9375,96.6666666666667,100,95.23125,"A+"
"290",0,80,100,95,78,90,77,75,97,11,83.3333333333333,66.6666666666667,55,85,58.4,59.85,73,66.5,86.5,68.8888888888889,100,77.5083333333333,"C+"
"291",77.5,0,92.5,90,85,66,48,70,85,12,50,50,25,30,28,40.05,35,44.5,67.0625,35,100,53.49375,"D"
"292",92.5,72.5,72.5,30,0,83,100,0,85,12,58.3333333333333,44.4444444444444,35,15,20.8,18.45,26,20.5,55.375,31.4814814814815,100,41.6597222222222,"F"
"293",92.5,100,100,100,100,99,97,100,85,12,91.6666666666667,100,95,100,71.2,79.65,89,88.5,97.625,98.3333333333333,100,93.9625,"A"
"294",73.5,85,95,90,99,88,97,90,100,12,50,77.7777777777778,45,70,75.2,64.8,94,72,93,64.2592592592593,100,84.3388888888889,"B"
"295",92.5,100,100,100,100,100,92,0,95,12,91.6666666666667,94.4444444444444,75,100,78.4,80.1,98,89,85.875,89.8148148148148,100,91.0847222222222,"A"
"296",92.5,92.5,97.5,80,97,100,89,90,60,11,87.5,66.6666666666667,30,70,51.2,44.1,64,49,88.25,55.5555555555556,100,69.8583333333333,"C-"
"297",52.5,47.5,97.5,75,65,81,79,90,65,10,75,44.4444444444444,40,75,39.2,60.3,49,67,75,53.1481481481482,80,65.0222222222222,"C-"
"298",77.5,92.5,77.5,90,93,90,90,55,65,11,66.6666666666667,44.4444444444444,30,50,64,49.05,80,54.5,81.625,41.4814814814815,100,70.3347222222222,"C"
"299",72.5,65,90,70,75,84,65,80,85,11,83.3333333333333,61.1111111111111,80,95,64,71.1,80,79,76.75,78.7037037037037,100,80.5805555555555,"B-"
"300",78.5,0,72.5,90,95,87,97,100,100,11,50,77.7777777777778,85,65,56,60.75,70,67.5,80.1875,75.9259259259259,100,76.3201388888889,"C"
"301",80,100,95,70,87.5,90,96,100,85,12,91.6666666666667,61.1111111111111,55,95,61.6,80.55,77,89.5,90.4375,70.3703703703704,100,85.4618055555555,"B"
"302",62.5,0,77.5,90,100,98,100,90,100,12,100,94.4444444444444,35,90,76,74.25,95,82.5,81.9375,73.1481481481482,100,85.1784722222222,"B"
"303",94,100,100,90,100,99,100,95,95,12,91.6666666666667,77.7777777777778,80,90,56.8,65.25,71,72.5,97.375,82.5925925925926,100,83.9263888888889,"B"
"304",66,85,90,90,100,0,65,95,100,12,83.3333333333333,22.2222222222222,75,65,42.4,36.9,53,41,78.125,54.0740740740741,100,62.3986111111111,"C-"
"305",77.5,85,85,60,100,100,86,100,80,12,75,83.3333333333333,75,65,44,60.3,55,67,87,74.4444444444444,100,75.0166666666667,"C"
"306",87.5,77.5,100,95,95,100,0,75,75,12,95.8333333333333,88.8888888888889,75,100,67.2,72.9,84,81,77.1875,87.962962962963,100,83.4006944444444,"B"
"307",99.5,100,100,90,72.5,100,97,100,98,12,91.6666666666667,100,75,90,56,70.2,70,78,94.6875,88.3333333333333,100,85.15625,"B"
"308",82.5,100,95,80,95,96,100,80,85,12,100,77.7777777777778,85,90,72,76.5,90,85,91.375,84.2592592592593,100,89.3013888888889,"A-"
"309",85,95,85,100,100,98,88,90,85,12,100,50,65,95,64.8,67.5,81,75,92.625,70,100,83.2375,"B"
"310",52.5,92.5,97.5,0,91.25,0,0,0,0,10,58.3333333333333,0,0,0,43.2,20.7,54,23,35.15625,0,80,35.096875,"F"
"311",87.5,77.5,100,60,100,89,83,80,80,12,83.3333333333333,77.7777777777778,65,80,59.2,71.55,74,79.5,83.6875,74.2592592592593,100,80.9201388888889,"B-"
"312",92.5,100,95,100,100,99,100,85,98,12,100,88.8888888888889,75,95,80,84.15,100,93.5,97.125,86.2962962962963,100,95.4569444444444,"A+"
"313",47.5,72.5,92.5,95,100,88.5,80,82.5,100,12,75,61.1111111111111,45,100,47.2,62.1,59,69,88.875,68.7037037037037,100,76.0180555555555,"C"
"314",98,94,77.5,90,95,97,100,90,99,12,91.6666666666667,72.2222222222222,55,75,60.8,48.6,76,54,92.8125,67.4074074074074,100,76.6548611111111,"C"
"315",80.5,85,100,90,95,96,86,60,100,12,66.6666666666667,77.7777777777778,75,95,76.8,66.15,96,73.5,89,82.5925925925926,100,86.6638888888889,"B+"
"316",60,0,90,0,0,91,0,47.5,66,11,75,72.2222222222222,30,100,62.4,53.55,78,59.5,36.8125,67.4074074074074,100,61.6298611111111,"C-"
"317",0,50,42.5,80,100,83,71,75,50,12,66.6666666666667,61.1111111111111,55,35,14.4,39.6,18,44,68.9375,50.3703703703704,100,52.8368055555556,"D"
"318",92.5,85,100,70,90,96,100,100,100,11,75,66.6666666666667,45,95,67.2,64.8,84,72,92.625,68.8888888888889,100,82.9208333333333,"B"
"319",92.5,100,100,100,100,0,90,100,100,11,91.6666666666667,61.1111111111111,65,80,78.4,75.6,98,84,86.25,68.7037037037037,100,86.7805555555556,"B+"
"320",87.5,100,97.5,100,90,80,100,80,94,12,75,72.2222222222222,60,75,54.4,53.1,68,59,92.6875,69.0740740740741,100,76.5173611111111,"C"
"321",65,100,90,90,100,99,86,72.5,75,12,100,88.8888888888889,80,95,71.2,72.9,89,81,89.0625,87.962962962963,100,87.9631944444444,"B+"
"322",92.5,100,100,100,95,100,86,100,80,12,95.8333333333333,72.2222222222222,60,100,62.4,74.25,78,82.5,95.125,77.4074074074074,100,86.3736111111111,"B+"
"323",82.5,100,95,100,0,100,92,100,100,12,58.3333333333333,100,65,80,68.8,63.9,86,71,85.875,81.6666666666667,100,82.9625,"B"
"324",0,75,67.5,90,80,71,0,50,0,8,83.3333333333333,61.1111111111111,25,35,64,44.55,80,49.5,54.1875,40.3703703703704,40,54.6868055555556,"D"
"325",82.5,87.5,85,35,60,95,87,100,85,11,58.3333333333333,94.4444444444444,95,100,71.2,81,89,90,79.3125,96.4814814814815,100,88.5659722222222,"A-"
"326",82.5,100,85,90,95,85,90,100,82.5,12,100,55.5555555555556,65,75,46.4,71.1,58,79,90.9375,65.1851851851852,100,78.4090277777778,"C+"
"327",72.5,100,100,100,100,80,76,85,98,12,91.6666666666667,72.2222222222222,70,100,74.4,80.1,93,89,92.375,80.7407407407407,100,90.6736111111111,"A"
"328",72.5,70,100,90,100,95,97,100,85,12,100,88.8888888888889,75,80,72,75.15,90,83.5,92.125,81.2962962962963,100,88.7069444444444,"A-"
"329",0,0,0,10,0,0,53.5,70,32,9,33.3333333333333,0,55,45,32.8,56.7,41,63,20.6875,33.3333333333333,60,41.15625,"F"
"330",88.5,99,0,0,85,0,0,85,85,12,75,50,80,70,57.6,50.85,72,56.5,44.25,66.6666666666667,100,61.8,"C-"
"331",95,95,100,100,95,99,100,100,100,12,91.6666666666667,88.8888888888889,65,100,65.6,81,82,90,98.625,84.6296296296296,100,91.1819444444444,"A"
"332",72.5,92.5,100,90,95,89,83,95,100,12,91.6666666666667,22.2222222222222,60,75,60.8,57.15,76,63.5,93.0625,52.4074074074074,100,76.8548611111111,"C"
"333",100,85,100,100,100,99,97,85,95,12,100,100,100,100,80,89.1,100,99,95.125,100,100,98.2875,"A+"
"334",92.5,75,100,100,96.25,96,100,90,100,12,75,88.8888888888889,70,90,61.6,74.7,77,83,94.65625,82.962962962963,100,86.9913194444444,"B+"
